Voxel Index,Neutron Flux
0,0.0010399388607845725
1,0.009752830851139746
2,2.141407018112461e-05
3,0.009758679290123393
4,0.002450398044780066
5,0.001095683863695642
6,0.0006146350758984531
