Voxel Index,Neutron Flux
0,0.0016233072468884845
1,0.010177530171181025
2,1.2500157434523018
3,0.007651723052596585
4,0.0018557992325924965
5,0.0003088880345798973
6,0.00013050449963924283